# Copyright (C) 2018  Intel Corporation. All rights reserved.
# Your use of Intel Corporation's design tools, logic functions 
# and other software and tools, and its AMPP partner logic 
# functions, and any output files from any of the foregoing 
# (including device programming or simulation files), and any 
# associated documentation or information are expressly subject 
# to the terms and conditions of the Intel Program License 
# Subscription Agreement, the Intel Quartus Prime License Agreement,
# the Intel FPGA IP License Agreement, or other applicable license
# agreement, including, without limitation, that your use is for
# the sole purpose of programming logic devices manufactured by
# Intel and sold by Intel or its authorized distributors.  Please
# refer to the applicable agreement for further details.

# Quartus Prime Version 18.1.0 Build 625 09/12/2018 SJ Lite Edition
# File: C:\intelFPGA_lite\18.1\projeto\projeto.csv
# Generated on: Wed Dec 04 02:52:17 2024

# Note: The column header names should not be changed if you wish to import this .csv file into the Quartus Prime software.

To,Direction,Location,I/O Bank,VREF Group,I/O Standard,Reserved,Current Strength,Slew Rate,Differential Pair,Strict Preservation
clk,Input,PIN_A7,7,B7_N0,3.3 V Schmitt Trigger,,,,,
dados[3],Input,PIN_C12,7,B7_N0,3.3-V LVTTL,,,,,
dados[2],Input,PIN_D12,7,B7_N0,3.3-V LVTTL,,,,,
dados[1],Input,PIN_C11,7,B7_N0,3.3-V LVTTL,,,,,
dados[0],Input,PIN_C10,7,B7_N0,3.3-V LVTTL,,,,,
fim,Output,PIN_B11,7,B7_N0,3.3-V LVTTL,,,,,
hex0[6],Output,PIN_E17,6,B6_N0,3.3-V LVTTL,,,,,
hex0[5],Output,PIN_D19,6,B6_N0,3.3-V LVTTL,,,,,
hex0[4],Output,PIN_C20,6,B6_N0,3.3-V LVTTL,,,,,
hex0[3],Output,PIN_C19,7,B7_N0,3.3-V LVTTL,,,,,
hex0[2],Output,PIN_E21,6,B6_N0,3.3-V LVTTL,,,,,
hex0[1],Output,PIN_E22,6,B6_N0,3.3-V LVTTL,,,,,
hex0[0],Output,PIN_F21,6,B6_N0,3.3-V LVTTL,,,,,
hex1[6],Output,PIN_C17,7,B7_N0,3.3-V LVTTL,,,,,
hex1[5],Output,PIN_D17,7,B7_N0,3.3-V LVTTL,,,,,
hex1[4],Output,PIN_E16,7,B7_N0,3.3-V LVTTL,,,,,
hex1[3],Output,PIN_C16,7,B7_N0,3.3-V LVTTL,,,,,
hex1[2],Output,PIN_C15,7,B7_N0,3.3-V LVTTL,,,,,
hex1[1],Output,PIN_E15,7,B7_N0,3.3-V LVTTL,,,,,
hex1[0],Output,PIN_C14,7,B7_N0,3.3-V LVTTL,,,,,
hex2[6],Output,PIN_B17,7,B7_N0,3.3-V LVTTL,,,,,
hex2[5],Output,PIN_A18,7,B7_N0,3.3-V LVTTL,,,,,
hex2[4],Output,PIN_A17,7,B7_N0,3.3-V LVTTL,,,,,
hex2[3],Output,PIN_B16,7,B7_N0,3.3-V LVTTL,,,,,
hex2[2],Output,PIN_E18,6,B6_N0,3.3-V LVTTL,,,,,
hex2[1],Output,PIN_D18,6,B6_N0,3.3-V LVTTL,,,,,
hex2[0],Output,PIN_C18,7,B7_N0,3.3-V LVTTL,,,,,
hex3[6],Output,PIN_B22,6,B6_N0,3.3-V LVTTL,,,,,
hex3[5],Output,PIN_C22,6,B6_N0,3.3-V LVTTL,,,,,
hex3[4],Output,PIN_B21,6,B6_N0,3.3-V LVTTL,,,,,
hex3[3],Output,PIN_A21,6,B6_N0,3.3-V LVTTL,,,,,
hex3[2],Output,PIN_B19,7,B7_N0,3.3-V LVTTL,,,,,
hex3[1],Output,PIN_A20,7,B7_N0,3.3-V LVTTL,,,,,
hex3[0],Output,PIN_B20,6,B6_N0,3.3-V LVTTL,,,,,
instrucao,Input,PIN_A12,7,B7_N0,3.3-V LVTTL,,,,,
rst,Input,PIN_B8,7,B7_N0,3.3 V Schmitt Trigger,,,,,
